id|年龄|性别|月收入|居住区域|职业|饲养的宠物种类|饲养宠物的数量|宠物市场价格数值|宠物月均消费数值|饲养宠物的时间|了解的宠物行业|是否知道有 “宠物善终服务” 这个行业？|能够接受的宠物善终服务的最高费用是
5M2A3rle|26 - 35 岁|女|5000-8000元|龙岗区|教师|狗,猫|2|1000-3000元|100-300元|1-3年|宠物食品,宠物医疗,宠物寄养|是|500- 1000 元
5LmQB4nL|18 - 25 岁|男|8000-12000元|南山区|程序员|猫|1|1000-3000元|300-500元|1-3年|宠物食品,宠物医疗,宠物美容|是|2000 - 3000 元
5LwmZgvM|26 - 35 岁|女|12000-20000元|南山区|药师|鸟类,水族类（如鱼）|4|500-1000元|100-300元|1-3年|宠物食品,宠物医疗,宠物训练|是|500- 1000 元
kM1xW9ye|46 - 55 岁|女|8000-12000元|宝安区|高层管理者|猫|1|1000-3000元|500-1000元| 3 - 5 年|宠物食品,宠物医疗,宠物美容,宠物保险,宠物寄养|是|2000 - 3000 元
nePBv6y7|18 - 25 岁|女|12000-20000元|龙岗区|程序员|狗,猫,鸟类|4||1000元以上| 10 年以上|宠物食品,宠物医疗,宠物寄养|是|3000 元以上
z7AmmQo7|26 - 35 岁|男|12000-20000元|龙华区|金融|狗|1|3000-5000元|500-1000元|1-3年|宠物食品,宠物医疗,宠物寄养|是|500- 1000 元
kM1yoqnM|26 - 35 岁|女|8000-12000元|龙岗区|城市管理|狗,水族类（如鱼）|1|500以下|100以下| 10 年以上|宠物食品,宠物医疗,宠物美容|是|500- 1000 元
kMrqm96e|26 - 35 岁|女|12000-20000元|南山区|公务员|狗|2|1000-3000元|1000元以上|1-3年|宠物食品,宠物医疗,宠物美容,宠物训练,宠物保险,宠物寄养|是|2000 - 3000 元
0eya4jVe|26 - 35 岁|女|8000-12000元|龙岗区|销售|猫|1|500-1000元|300-500元| 不到 1 年|宠物食品,宠物医疗,宠物美容|否|1000 - 2000 元
veEPNEJL|18 - 25 岁|女|3000元以下|罗湖区|学生|兔子,鸟类,爬行类（如蛇）,水族类（如鱼）|4|500以下|100-300元|1-3年|宠物食品,宠物医疗,宠物美容|是|1000 - 2000 元
8MZlG11L|46 - 55 岁|男|5000-8000元|龙华区|程序员|狗,鸟类|2|1000-3000元|300-500元|1-3年|宠物食品,宠物医疗,宠物美容,宠物训练,宠物寄养|是|500 元以下
kMra6EYe|26 - 35 岁|男|5000-8000元|罗湖区|工程师|狗,猫|2|1000-3000元|300-500元| 3 - 5 年|宠物食品,宠物医疗,宠物保险|是|1000 - 2000 元
xLV4JJkM|36 - 45 岁|男|20000元以上|龙岗区|软件|狗,猫|2|5000元以上|500-1000元| 3 - 5 年|宠物食品,宠物医疗,宠物美容,宠物保险,宠物寄养|是|2000 - 3000 元
5Lm63Gge|26 - 35 岁|男|8000-12000元|龙华区|电商运营主管|狗|1|3000-5000元|300-500元| 3 - 5 年|宠物食品,宠物医疗,宠物保险,宠物寄养|否|500- 1000 元
oe48Aa6e|18 - 25 岁|男|8000-12000元|龙华区|工艺工程师|狗,猫|2|1000-3000元|300-500元| 3 - 5 年|宠物食品,宠物美容,宠物训练|是|1000 - 2000 元
JekJn6zL|36 - 45 岁|女|8000-12000元|龙岗区|高级管理|猫,水族类（如鱼）|2|5000元以上|300-500元| 3 - 5 年|宠物食品,宠物医疗,宠物训练,宠物寄养|是|2000 - 3000 元
xLVXpNlM|36 - 45 岁|女|12000-20000元|南山区|餐饮管理|狗|1|3000-5000元|300-500元|1-3年|宠物食品,宠物医疗,宠物美容,宠物训练,宠物保险,宠物寄养|是|2000 - 3000 元
pLzq3O37|18 - 25 岁|女|5000-8000元|龙华区|研发|猫,爬行类（如蛇）|3|500-1000元|300-500元| 3 - 5 年|宠物食品,宠物医疗,宠物美容,宠物训练|是|500- 1000 元
pLzwN30e|36 - 45 岁|男|8000-12000元|龙岗区|公务员|狗|1|1000-3000元|300-500元| 3 - 5 年|宠物食品,宠物医疗,宠物训练,宠物保险|否|500- 1000 元
DMxyq197|36 - 45 岁|女|20000元以上|罗湖区|行政管理|狗|2|5000元以上|500-1000元| 5 - 10 年|宠物食品,宠物医疗,宠物美容,宠物训练,宠物保险,宠物寄养|是|2000 - 3000 元
WLG9P0jM|18 - 25 岁|女|5000-8000元|宝安区|教师|狗,水族类（如鱼）|1|500以下|100-300元| 不到 1 年|宠物食品,宠物医疗,宠物美容,宠物寄养|否|500 元以下
J7qgNg6e|26 - 35 岁|男|8000-12000元|龙华区|公务员|狗,猫|2|1000-3000元|300-500元| 3 - 5 年|宠物食品,宠物医疗,宠物美容|是|1000 - 2000 元
veEdaAKL|18 - 25 岁|女|5000-8000元|龙岗区|电商|无|0||||宠物食品,宠物医疗,宠物训练|是|500- 1000 元
8MZkJXD7|26 - 35 岁|女|12000-20000元|坪山区|企业管理层|狗,猫,水族类（如鱼）|4|3000-5000元|300-500元|1-3年|宠物食品,宠物医疗,宠物寄养|是|1000 - 2000 元
p7Y3vlae|26 - 35 岁|男|12000-20000元|龙华区|it|猫|1|1000-3000元|300-500元|1-3年|宠物食品,宠物医疗,宠物寄养|是|500- 1000 元
37KlllYL|26 - 35 岁|女|8000-12000元|福田区|互联网运营|狗,猫|2|1000-3000元|300-500元| 3 - 5 年|宠物食品,宠物医疗,宠物保险,宠物寄养|是|1000 - 2000 元
8MZjqmvM|26 - 35 岁|女|8000-12000元|光明区|外资企业在职人员|水族类（如鱼）|4|500-1000元|100-300元|1-3年|宠物食品,宠物训练,宠物寄养|是|500- 1000 元
nePpqJXe|26 - 35 岁|男|8000-12000元|龙岗区|公职人员|猫|1|500以下|100-300元| 不到 1 年|宠物食品,宠物医疗,宠物保险|是|500- 1000 元
5M22VPqM|26 - 35 岁|女|12000-20000元|龙岗区|理财顾问|猫|1|1000-3000元|300-500元|1-3年|宠物食品,宠物医疗,宠物寄养|是|1000 - 2000 元
0eyW3YG7|36 - 45 岁|男|12000-20000元|龙华区|企业中层管理|无|0||||宠物食品,宠物医疗|否|500- 1000 元
9LQbV1ve|36 - 45 岁|女|12000-20000元|龙华区|建筑设计|狗|1|1000-3000元|500-1000元| 3 - 5 年|宠物食品,宠物医疗,宠物美容,宠物寄养|是|2000 - 3000 元
nePjEvy7|26 - 35 岁|女|5000-8000元|罗湖区|公司职员|狗|1||300-500元|1-3年|宠物食品,宠物医疗,宠物美容,宠物训练,宠物保险|是|1000 - 2000 元
RMWYJNGL|18 - 25 岁|女|12000-20000元|龙华区|运营|猫|3|500以下|100-300元| 不到 1 年|宠物食品,宠物美容,宠物寄养|是|500- 1000 元
nePGgZYL|18 - 25 岁|男|8000-12000元|龙华区|教师|狗|1|1000-3000元|100-300元| 不到 1 年|宠物食品,宠物医疗,宠物寄养|否|500- 1000 元
AM9kE54L|18 - 25 岁|女|8000-12000元|南山区|运营|狗|1|5000元以上|300-500元| 不到 1 年|宠物食品,宠物医疗,宠物美容,宠物训练,宠物保险,宠物寄养|是|500- 1000 元
kM1Vd6z7|26 - 35 岁|女|20000元以上|南山区|企业职员|猫,水族类（如鱼）|1|500-1000元|100-300元|1-3年|宠物食品,宠物医疗,宠物美容,宠物训练,宠物寄养|是|1000 - 2000 元
27aY3jp7|26 - 35 岁|女|8000-12000元|福田区|销售|狗|1|1000-3000元|300-500元|1-3年|宠物食品,宠物医疗,宠物美容|否|500- 1000 元
qM6R48VM|26 - 35 岁|男|20000元以上|宝安区|开发|狗,猫,水族类（如鱼）|3|500以下|100-300元| 3 - 5 年|宠物食品,宠物寄养|是|500 元以下
8MZ3QK17|18 - 25 岁|女|3000-5000元|龙岗区|非行政人员|猫|1|1000-3000元|100-300元|1-3年|宠物食品,宠物医疗|是|1000 - 2000 元
Ke5pgb8L|26 - 35 岁|女|12000-20000元|龙岗区|人力资源|狗,爬行类（如蛇）|2|500-1000元|300-500元|1-3年|宠物食品,宠物医疗,宠物美容,宠物训练|是|500- 1000 元
WLGqQoaM|26 - 35 岁|男|8000-12000元|南山区|外卖员|猫|1|500-1000元|100-300元| 3 - 5 年|宠物食品,宠物医疗|是|1000 - 2000 元
JeklWwQM|26 - 35 岁|女|8000-12000元|宝安区|公务员|猫|1|1000-3000元|100-300元|1-3年|宠物食品,宠物医疗,宠物美容,宠物寄养|否|500- 1000 元
9LQdad7P|18 - 25 岁|男|5000-8000元|福田区|平面设计|猫|1|1000-3000元|300-500元|1-3年|宠物食品,宠物医疗,宠物美容|是|500- 1000 元
z7lZdKqe|26 - 35 岁|女|12000-20000元|光明区|酒店管理|猫|2|500-1000元|500-1000元| 3 - 5 年|宠物食品,宠物医疗,宠物美容,宠物保险|是|2000 - 3000 元
kM1orRzL|36 - 45 岁|女|12000-20000元|龙华区|护士|猫,水族类（如鱼）|4|3000-5000元|300-500元| 3 - 5 年|宠物食品,宠物医疗,宠物训练,宠物寄养|否|500- 1000 元
pLzPWX1M|36 - 45 岁|女|5000-8000元|福田区|企业职员|狗|1|1000-3000元|500-1000元|1-3年|宠物食品,宠物医疗,宠物美容,宠物训练,宠物保险,宠物寄养|是|2000 - 3000 元
kMrxK0BL|26 - 35 岁|女|8000-12000元|龙华区|行政主管|水族类（如鱼）|4|500以下|100-300元| 不到 1 年|宠物食品,宠物寄养|否|500 元以下
xebWAEkM|18 - 25 岁|男|5000-8000元|龙岗区|亚马逊运营|猫|1|1000-3000元|300-500元| 不到 1 年|宠物食品,宠物医疗,宠物美容,宠物训练,宠物寄养|否|500 元以下
0ey4v8VL|18 - 25 岁|女|3000元以下|罗湖区|外贸业务员|狗,猫,水族类（如鱼）|2|1000-3000元|100-300元|1-3年|宠物食品,宠物医疗,宠物寄养|是|500- 1000 元
xeb0rQX7|26 - 35 岁|女|12000-20000元|宝安区|互联网工程师|狗,猫|2|1000-3000元|300-500元| 3 - 5 年|宠物食品,宠物医疗,宠物寄养|否|1000 - 2000 元
5M2oR387|26 - 35 岁|女|8000-12000元|龙华区|公司职员|鸟类|2|500以下|100以下|1-3年|宠物医疗|是|500 元以下
JekgApNe|18 - 25 岁|男|3000元以下|龙岗区|学生|狗|1|1000-3000元|500-1000元| 不到 1 年|宠物食品,宠物医疗,宠物保险|是|500- 1000 元
J7qyZNg7|36 - 45 岁|男|20000元以上|宝安区|医生|猫|2|1000-3000元|300-500元| 3 - 5 年|宠物食品,宠物医疗|否|500- 1000 元
4enwrynM|55 岁以上|男|20000元以上|南山区|公务员|狗,猫|2|1000-3000元|300-500元| 5 - 10 年|宠物食品,宠物医疗,宠物训练|否|1000 - 2000 元
p7YQEbw7|18 - 25 岁|女|3000-5000元|龙华区|律师|兔子|1|500以下|100以下| 不到 1 年|宠物食品,宠物医疗,宠物寄养|否|500 元以下
me34byoM|18 - 25 岁|女|3000元以下|南山区|学生|猫|1|1000-3000元|500-1000元| 不到 1 年|宠物食品,宠物医疗,宠物保险,宠物寄养|否|1000 - 2000 元
kMrxvqBL|26 - 35 岁|女|8000-12000元|龙岗区|主播|狗|1|1000-3000元|300-500元|1-3年|宠物食品,宠物美容|是|500- 1000 元
4enl22N7|26 - 35 岁|女|5000-8000元|宝安区|公司职员|猫,兔子|2|500以下|300-500元| 不到 1 年|宠物食品,宠物医疗,宠物美容,宠物寄养|是|500 元以下
2MdRzYbL|26 - 35 岁|男|3000-5000元|龙岗区|工程师|猫|1|500-1000元|100-300元|1-3年|宠物医疗|否|500 元以下
xLVZ8qpL|36 - 45 岁|女|12000-20000元|南山区|银行职员|猫|1|3000-5000元|300-500元| 3 - 5 年|宠物食品,宠物医疗,宠物训练|否|500- 1000 元
xeb4V4R7|26 - 35 岁|女|8000-12000元|宝安区|客服专员|水族类（如鱼）|4|500以下|100以下| 3 - 5 年|宠物食品|是|500 元以下
KLOrdKd7|18 - 25 岁|女|3000-5000元|龙岗区|学生|水族类（如鱼）|4|500以下|100-300元|1-3年|宠物食品,宠物医疗,宠物美容,宠物训练|是|500- 1000 元
WLGZ91N7|26 - 35 岁|女|12000-20000元|罗湖区|交通运输外贸|猫|1|3000-5000元|300-500元|1-3年|宠物食品,宠物医疗,宠物美容,宠物训练,宠物寄养|是|1000 - 2000 元
xMo8qr67|36 - 45 岁|女|12000-20000元|盐田区|企业管理人员|狗,猫|2|3000-5000元|300-500元| 3 - 5 年|宠物食品,宠物医疗|否|500- 1000 元
QL0W45R7|26 - 35 岁|女|12000-20000元|龙华区|部门经理|猫|1|500-1000元|100-300元| 不到 1 年|宠物食品,宠物美容|否|500- 1000 元
J7qJOg2L|18 - 25 岁|女|3000元以下|南山区|学生|仓鼠|1|500以下|100-300元| 不到 1 年|宠物食品,宠物训练|否|500 元以下
ve8a354M|26 - 35 岁|女|20000元以上|坪山区|hr|猫|1|500-1000元|100-300元|1-3年|宠物食品,宠物医疗|是|2000 - 3000 元
JekVl9zL|26 - 35 岁|女|5000-8000元|龙岗区|文职|狗,猫|1|1000-3000元|500-1000元|1-3年|宠物食品,宠物医疗|是|2000 - 3000 元
J7B69n17|26 - 35 岁|女|12000-20000元|宝安区|白领|狗,猫|2|1000-3000元|500-1000元|1-3年|宠物食品,宠物医疗,宠物寄养|是|3000 元以上
37K381v7|26 - 35 岁|女|20000元以上|龙岗区|管理|狗,猫,水族类（如鱼）|2|5000元以上|300-500元|1-3年|宠物食品,宠物医疗,宠物美容|是|1000 - 2000 元
JekzPVNL|26 - 35 岁|男|20000元以上|坪山区|企业管理者|狗|1|1000-3000元|500-1000元|1-3年|宠物食品,宠物医疗,宠物美容,宠物训练,宠物保险,宠物寄养|是|500- 1000 元
8MZEz6re|26 - 35 岁|男|8000-12000元|龙华区|工程师|狗|1|1000-3000元|300-500元| 3 - 5 年|宠物食品,宠物医疗,宠物保险,宠物寄养|否|500- 1000 元
Ke5Y2ZOe|26 - 35 岁|女|8000-12000元|光明区|项目咨询师|猫|1|1000-3000元|300-500元| 3 - 5 年|宠物食品,宠物医疗,宠物保险|是|500- 1000 元
BMDzA5oL|26 - 35 岁|女|8000-12000元|龙华区|技术支持|猫|1|500-1000元|100-300元| 不到 1 年|宠物食品,宠物医疗,宠物寄养|是|500- 1000 元
5LwW6lpL|18 - 25 岁|男|8000-12000元|龙岗区|嵌入式软件开发工程师|狗|1|1000-3000元|300-500元|1-3年|宠物食品,宠物医疗,宠物寄养|是|1000 - 2000 元
0eyqv99e|26 - 35 岁|女|12000-20000元|南山区|公关|猫|1|3000-5000元|500-1000元| 3 - 5 年|宠物食品,宠物医疗,宠物美容,宠物保险,宠物寄养|是|2000 - 3000 元
qM6omZB7|18 - 25 岁|女|8000-12000元|大鹏新区|财务|狗|1|500-1000元|500-1000元| 3 - 5 年|宠物食品,宠物医疗,宠物美容|否|1000 - 2000 元
27aYKYE7|36 - 45 岁|女|12000-20000元|大鹏新区|人力资源总监|狗|1|3000-5000元|300-500元| 3 - 5 年|宠物食品,宠物医疗,宠物美容,宠物训练,宠物寄养|是|1000 - 2000 元
0eyPa6VL|18 - 25 岁|女|3000-5000元|宝安区|新媒体运营|猫|1|500-1000元|100-300元|1-3年|宠物食品,宠物医疗,宠物美容|是|1000 - 2000 元
yev26v3e|26 - 35 岁|女|8000-12000元|罗湖区|销售|狗,猫|2|3000-5000元|500-1000元| 3 - 5 年|宠物食品,宠物医疗,宠物美容,宠物训练,宠物保险,宠物寄养|是|2000 - 3000 元
37Kv44YM|26 - 35 岁|女|8000-12000元|宝安区|金融业|狗,猫|2|1000-3000元|300-500元| 3 - 5 年|宠物食品,宠物医疗,宠物美容,宠物训练,宠物保险|是|2000 - 3000 元
JekVG8YL|26 - 35 岁|女|5000-8000元|龙岗区|人力资源|猫|1|1000-3000元|100-300元|1-3年|宠物美容|是|500- 1000 元
QL00jANL|36 - 45 岁|男|5000-8000元|龙华区|研发工程师|狗,猫|1|500以下|100-300元|1-3年|宠物食品,宠物医疗,宠物美容|否|500 元以下
9LQBKrBe|18 - 25 岁|女|12000-20000元|罗湖区|学生|狗|1|1000-3000元|300-500元|1-3年|宠物食品,宠物寄养|否|500- 1000 元
qM6Xb2dL|26 - 35 岁|女|12000-20000元|龙岗区|建筑设计师|猫|1|500以下|300-500元| 3 - 5 年|宠物食品,宠物医疗,宠物训练|是|1000 - 2000 元
5M22EzAM|18 - 25 岁|女|3000-5000元|龙岗区|护士|狗|1|500-1000元|300-500元| 不到 1 年|宠物食品,宠物医疗,宠物寄养|是|500 元以下
DMxp635M|26 - 35 岁|男|8000-12000元|光明区|互联网运营|狗|2|3000-5000元|100-300元| 3 - 5 年|宠物食品,宠物训练|是|1000 - 2000 元
WLGwGKpL|26 - 35 岁|男|8000-12000元|福田区|程序员|猫|1|1000-3000元|300-500元| 3 - 5 年|宠物食品,宠物医疗,宠物保险|是|1000 - 2000 元
QL0W5jj7|26 - 35 岁|女|12000-20000元|罗湖区|交通运输航空物流|狗|1|1000-3000元|1000元以上|1-3年|宠物食品,宠物医疗,宠物美容,宠物保险,宠物寄养|是|2000 - 3000 元
5LwdEQne|26 - 35 岁|女|20000元以上|南山区|项目经理|狗,猫,鸟类|4|1000-3000元|1000元以上| 3 - 5 年|宠物食品,宠物医疗,宠物美容,宠物保险,宠物寄养|是|2000 - 3000 元
J7Br2zn7|26 - 35 岁|男|20000元以上|龙岗区|企业管理者|狗|1|1000-3000元|500-1000元|1-3年|宠物食品,宠物医疗,宠物训练,宠物寄养|是|500- 1000 元
Ke5gQ2N7|26 - 35 岁|女|5000-8000元|龙岗区|hr|狗,猫|2|3000-5000元|500-1000元|1-3年|宠物食品,宠物医疗,宠物保险|是|1000 - 2000 元
qM6j8jJM|26 - 35 岁|女|8000-12000元|龙岗区|销售|狗|1|1000-3000元|500-1000元| 不到 1 年|宠物食品,宠物医疗,宠物美容|否|1000 - 2000 元
qM6zXV3M|26 - 35 岁|女|12000-20000元|龙华区|部门经理|猫|1|3000-5000元|300-500元| 3 - 5 年|宠物食品,宠物医疗,宠物美容,宠物寄养|否|1000 - 2000 元
ve8JXor7|36 - 45 岁|女|12000-20000元|龙岗区|公司职员|猫,兔子,水族类（如鱼）|4|1000-3000元|500-1000元|1-3年|宠物医疗,宠物美容,宠物寄养|是|1000 - 2000 元
5LwWj3VL|36 - 45 岁|女|12000-20000元|福田区|企业中层管理者|狗|1|500-1000元|300-500元| 3 - 5 年|宠物食品,宠物医疗,宠物美容,宠物寄养|是|1000 - 2000 元
RMWKyP4M|46 - 55 岁|女|12000-20000元|龙岗区|公司文职人员|狗|1|3000-5000元|300-500元| 5 - 10 年|宠物食品,宠物医疗,宠物美容,宠物训练,宠物保险,宠物寄养|是|1000 - 2000 元
37K9gWve|18 - 25 岁|女|12000-20000元|福田区|公司职员|猫|1|500以下|100-300元| 不到 1 年|宠物食品,宠物美容,宠物寄养|否|1000 - 2000 元
BMDKvYge|18 - 25 岁|男|5000-8000元|福田区|民营企业职员|猫,水族类（如鱼）|2|500-1000元|100-300元| 5 - 10 年|宠物食品,宠物医疗,宠物美容,宠物训练,宠物保险,宠物寄养|是|500- 1000 元
Jek8PwdM|26 - 35 岁|男|8000-12000元|龙岗区|软件工程师|猫|1|500-1000元|300-500元|1-3年|宠物食品,宠物医疗,宠物寄养|是|1000 - 2000 元
